{
  "Buenos Aires": [-34.661392, -58.366186],
  "CABA": [-34.597468, -58.369854],
  "Catamarca": [-28.468307, -65.779084],
  "Chaco": [-27.457627, -58.985237],
  "Chubut": [-43.299184, -65.1063],
  "Córdoba": [-31.427211, -64.185808],
  "Corrientes": [-27.470325, -58.831454],
  "Entre Ríos": [-31.738202, -60.526213],
  "Formosa": [-26.184117, -58.171467],
  "Jujuy": [-24.185183, -65.299531],
  "La Pampa": [-36.620887, -64.289308],
  "La Rioja": [-29.412179, -66.855875],
  "Mendoza": [-32.8887, -68.843776],
  "Misiones": [-27.365872, -55.89508],
  "Neuquén": [-38.95178, -68.058311],
  "Río Negro": [-40.811047, -62.9911],
  "Salta": [-24.788676, -65.409426],
  "San Juan": [-31.536627, -68.524709],
  "San Luis": [-33.302038, -66.337651],
  "Santa Cruz": [-51.623666, -69.21527],
  "Santa Fe": [-31.656601, -60.709555],
  "Santiago del Estero": [-27.788082, -64.259289],
  "Tierra del Fuego": [-54.807043, -68.307406],
  "Tucumán": [-26.830529, -65.203197]
}
